month,marketing_spend,num_salespeople,holiday_season,economic_index,competition_level,sales_amount
1,21854.0,19,0,108.5,0,288611.0
2,47782.0,16,1,119.2,0,345565.0
3,37940.0,20,0,102.8,0,293996.0
4,31940.0,23,0,90.4,2,296546.0
5,12021.0,12,0,97.5,1,220508.0
6,12020.0,21,0,103.7,0,279204.0
7,7614.0,9,1,82.9,2,200325.0
8,43978.0,20,0,104.9,1,308134.0
9,32050.0,10,0,119.2,2,236075.0
10,36863.0,12,0,87.6,2,237033.0
11,5926.0,22,1,111.7,1,305448.0
12,48646.0,16,1,116.3,0,343591.0
13,42460.0,19,0,117.7,2,274602.0
14,14555.0,13,0,118.4,2,223167.0
15,13182.0,17,0,100.9,0,274627.0
16,13253.0,19,1,119.1,0,288839.0
17,18691.0,14,0,110.3,1,235714.0
18,28614.0,20,0,86.5,1,278841.0
19,24438.0,11,0,99.1,1,268587.0
20,18105.0,21,0,108.7,0,277778.0
21,32533.0,11,0,89.9,2,213212.0
22,11277.0,18,1,105.6,2,264863.0
23,18147.0,19,0,106.7,1,282951.0
24,21486.0,11,0,86.5,0,229893.0
25,25523.0,13,0,102.6,2,217068.0
26,40333.0,23,1,110.9,1,359996.0
27,13985.0,20,0,100.0,2,252516.0
28,28141.0,12,1,80.5,2,265384.0
29,31659.0,22,0,80.4,0,308158.0
30,7090.0,22,0,94.3,0,277124.0
31,32340.0,24,0,117.0,2,306704.0
32,12674.0,11,0,89.1,1,237928.0
33,7927.0,7,0,105.4,0,205291.0
34,47700.0,22,1,88.9,2,323623.0
35,48453.0,14,0,92.9,0,326224.0
36,41378.0,11,0,113.9,0,277427.0
37,18708.0,21,0,109.2,0,273328.0
38,9395.0,18,1,83.8,2,241399.0
39,35790.0,7,1,97.1,1,263621.0
40,24807.0,16,0,81.2,1,243851.0
41,10492.0,17,1,99.2,1,276701.0
42,27283.0,6,0,106.5,0,230409.0
43,6547.0,7,0,84.7,2,161848.0
44,45919.0,9,1,91.6,0,297078.0
45,16645.0,15,1,95.9,1,253497.0
46,34814.0,12,0,116.8,1,274347.0
47,19027.0,16,0,119.7,2,262264.0
48,28403.0,11,0,81.8,0,271509.0
49,29602.0,19,1,110.4,1,324089.0
50,13318.0,21,0,94.9,2,214238.0
51,48631.0,8,0,95.7,0,279637.0
52,39881.0,17,0,110.2,0,317020.0
53,47277.0,22,0,116.7,1,353724.0
54,45267.0,5,0,118.0,1,265628.0
55,31905.0,20,1,103.1,0,349935.0
56,46484.0,17,0,94.3,0,320300.0
57,8982.0,14,0,111.5,1,252075.0
58,13819.0,16,0,90.0,0,243642.0
59,7035.0,6,1,102.6,1,213446.0
60,19640.0,7,0,94.3,0,232246.0
61,22490.0,14,0,106.3,1,246629.0
62,17211.0,6,1,89.6,2,195192.0
63,42293.0,17,1,87.7,1,305206.0
64,21054.0,17,1,116.7,1,288790.0
65,17642.0,22,1,84.1,2,279284.0
66,29421.0,7,0,100.2,0,222631.0
67,11342.0,11,1,88.8,2,197311.0
68,41099.0,18,0,81.6,1,307577.0
69,8355.0,24,1,81.4,0,284490.0
70,49410.0,21,1,87.0,2,330445.0
71,39751.0,16,1,114.7,0,322419.0
72,13942.0,20,0,91.3,0,269265.0
73,5248.0,16,0,118.0,2,217234.0
74,41696.0,19,0,103.3,0,304407.0
75,36809.0,14,1,97.5,2,298270.0
76,37805.0,11,1,103.2,1,304303.0
77,39707.0,24,0,100.7,0,338719.0
78,8332.0,9,0,110.4,1,220771.0
79,21131.0,5,0,91.3,1,221415.0
80,10214.0,21,1,94.1,0,302232.0
81,43840.0,7,1,115.8,2,283779.0
82,33048.0,17,0,117.9,0,312661.0
83,19890.0,18,0,115.7,1,282159.0
84,7860.0,22,1,96.8,1,276204.0
85,18994.0,8,1,111.2,2,230842.0
86,19633.0,22,0,99.1,0,298993.0
87,37832.0,9,0,99.9,1,247833.0
88,33690.0,20,0,88.2,1,281802.0
89,44925.0,5,0,103.6,1,251283.0
90,26250.0,18,0,87.4,2,262013.0
91,10382.0,19,0,93.3,1,230205.0
92,37096.0,13,1,114.2,1,315744.0
93,39235.0,19,0,88.3,0,316252.0
94,30257.0,21,1,82.8,0,329670.0
95,39694.0,8,0,82.8,1,228976.0
96,27221.0,16,0,117.6,1,259790.0
97,28523.0,9,0,100.3,0,258779.0
98,24239.0,9,0,96.4,2,213482.0
99,6144.0,15,1,112.4,2,255560.0
100,9855.0,10,1,113.4,2,220079.0
101,6414.0,11,0,93.3,2,194797.0
102,33638.0,18,0,107.7,2,290398.0
103,19146.0,15,1,110.8,2,264495.0
104,27886.0,17,0,106.2,2,266646.0
105,45840.0,6,0,86.1,2,232948.0
106,16218.0,11,1,115.0,0,265863.0
107,23467.0,24,0,101.6,2,287865.0
108,39000.0,8,0,91.3,2,248709.0
109,15296.0,12,0,97.0,2,209406.0
110,8464.0,24,1,81.5,1,260907.0
111,18039.0,23,0,85.1,0,275815.0
112,12255.0,17,0,110.6,0,245703.0
113,46836.0,18,1,80.0,0,349789.0
114,41365.0,14,0,96.7,2,273957.0
115,33503.0,15,1,100.9,2,277510.0
116,44216.0,6,0,82.2,1,220320.0
117,41165.0,13,1,118.9,0,322736.0
118,13396.0,21,0,89.0,2,232189.0
119,45165.0,7,0,92.2,0,267845.0
120,29270.0,10,0,92.2,1,237322.0
121,41335.0,9,0,89.2,1,267373.0
122,45324.0,9,1,80.1,1,267817.0
123,19310.0,19,1,109.2,0,294499.0
124,9952.0,21,0,118.7,2,243470.0
125,15257.0,13,0,89.0,2,206864.0
126,24220.0,7,1,106.5,1,241569.0
127,41811.0,24,1,109.7,2,342496.0
128,43733.0,21,0,113.9,1,323920.0
129,5313.0,14,0,96.9,0,241970.0
130,27984.0,7,0,92.1,1,213521.0
131,23783.0,22,0,93.0,0,291692.0
132,14995.0,22,0,108.5,1,286402.0
133,10394.0,21,0,112.7,2,246566.0
134,20193.0,7,0,87.3,2,192737.0
135,47431.0,7,1,94.8,1,286724.0
136,19544.0,10,0,116.1,2,224743.0
137,28346.0,17,0,112.3,2,253723.0
138,36636.0,19,0,119.4,2,311717.0
139,21363.0,13,0,110.2,0,291738.0
140,48730.0,8,0,95.7,2,250403.0
141,48310.0,18,0,103.6,0,318302.0
142,16330.0,9,0,106.4,1,220396.0
143,27376.0,6,0,83.1,2,204666.0
144,18540.0,15,0,101.8,2,224913.0
145,17818.0,13,0,108.4,2,225724.0
146,6660.0,7,1,86.7,1,206930.0
147,32430.0,13,0,111.2,0,300292.0
148,27621.0,7,1,103.4,0,278203.0
149,7317.0,6,0,118.1,2,194443.0
150,17539.0,16,0,81.7,1,228813.0
151,45872.0,14,0,90.6,1,287883.0
152,15780.0,13,0,104.1,1,226491.0
153,11520.0,19,1,91.9,1,279873.0
154,27025.0,12,1,108.6,1,293322.0
155,49354.0,9,1,110.4,0,329266.0
156,15892.0,15,0,84.1,0,238978.0
157,35246.0,6,0,100.6,0,248442.0
158,39273.0,19,0,100.4,2,308154.0
159,15694.0,10,0,94.8,1,209857.0
160,37770.0,12,0,117.3,2,278439.0
161,21550.0,9,0,113.1,1,238837.0
162,33454.0,20,0,107.9,0,312518.0
163,33509.0,22,0,108.6,2,280039.0
164,29110.0,10,1,98.5,0,283712.0
165,9063.0,9,1,116.8,1,241379.0
166,42589.0,20,1,107.8,1,364565.0
167,19435.0,17,0,109.2,1,253488.0
168,13393.0,9,0,114.5,0,263719.0
169,6835.0,17,0,91.0,1,231119.0
170,31590.0,21,1,112.3,0,350723.0
171,35490.0,22,0,87.8,2,276014.0
172,5746.0,12,0,93.8,1,208171.0
173,28044.0,17,1,93.4,1,297396.0
174,15192.0,23,0,119.1,1,302407.0
175,34033.0,7,0,114.3,2,222428.0
176,12846.0,12,0,108.0,1,245442.0
177,36092.0,6,0,109.1,0,263569.0
178,22403.0,12,0,102.5,0,263611.0
179,47153.0,17,0,117.9,1,318031.0
180,11188.0,17,0,99.9,1,230382.0
181,20348.0,5,0,95.2,2,186176.0
182,10106.0,10,1,86.5,2,209656.0
183,46611.0,23,0,111.4,2,309934.0
184,44480.0,20,0,109.4,1,332086.0
185,16607.0,12,0,95.4,2,222151.0
186,34699.0,5,1,81.0,2,216009.0
187,41775.0,20,0,113.6,0,323772.0
188,29984.0,13,0,80.5,2,223201.0
189,28834.0,17,1,108.1,0,320207.0
190,15883.0,15,1,118.8,0,292968.0
191,9190.0,17,0,97.5,2,220315.0
192,45375.0,14,1,89.4,0,323851.0
193,45519.0,8,0,108.2,1,253071.0
194,33490.0,10,0,112.7,1,245390.0
195,20256.0,11,0,101.9,2,184780.0
196,20714.0,9,0,118.7,1,249042.0
197,37668.0,15,1,82.1,0,306139.0
198,45370.0,17,0,100.2,1,315894.0
199,44919.0,23,0,108.7,2,307692.0
200,40094.0,14,1,114.5,2,302067.0
201,33891.0,14,1,87.2,0,301319.0
202,8786.0,15,0,112.0,2,216174.0
203,12273.0,11,0,102.1,1,199637.0
204,45435.0,22,0,95.9,2,328423.0
205,32289.0,8,1,85.3,0,284127.0
206,5414.0,6,0,114.6,2,173851.0
207,9566.0,18,1,86.3,1,263375.0
208,34858.0,17,0,92.4,0,287339.0
209,5228.0,16,0,91.6,1,207747.0
210,12236.0,11,0,114.9,0,265338.0
211,29693.0,6,0,106.9,2,196110.0
212,36135.0,17,0,111.9,0,307611.0
213,34338.0,18,1,90.0,0,320836.0
214,15092.0,21,0,105.0,2,275477.0
215,37048.0,13,0,102.9,1,283241.0
216,15676.0,21,1,113.3,2,268301.0
217,19643.0,12,0,116.2,0,262319.0
218,38592.0,6,1,80.5,2,236108.0
219,34233.0,17,0,107.0,0,300949.0
220,43215.0,7,0,82.1,2,232384.0
221,34593.0,20,0,102.0,2,266921.0
222,30574.0,10,0,91.5,1,233334.0
223,9215.0,23,1,92.3,0,304650.0
224,21547.0,11,0,94.1,1,236735.0
225,16934.0,14,0,104.9,0,259156.0
226,15980.0,13,0,93.4,2,208492.0
227,48785.0,6,0,109.3,0,280821.0
228,22689.0,19,1,96.2,1,302171.0
229,45142.0,9,0,82.7,1,253350.0
230,33401.0,8,0,111.4,1,237700.0
231,40767.0,24,1,91.4,0,344722.0
232,27619.0,8,0,97.3,1,210686.0
233,30961.0,22,1,107.4,1,348130.0
234,27163.0,8,0,93.3,1,234222.0
235,13786.0,21,0,82.3,2,233848.0
236,37510.0,16,0,95.0,2,260039.0
237,17635.0,21,1,117.8,0,318578.0
238,6094.0,14,1,105.7,0,276624.0
239,34046.0,5,0,106.9,1,257124.0
240,12970.0,22,0,105.3,2,249314.0
241,47321.0,22,0,88.0,1,333206.0
242,47927.0,18,0,96.7,1,309991.0
243,46169.0,19,0,110.0,2,304085.0
244,21657.0,16,1,84.1,2,271277.0
245,5696.0,8,0,91.1,2,169021.0
246,46774.0,7,0,91.1,0,272092.0
247,24268.0,24,0,97.3,0,312487.0
248,48499.0,16,0,119.2,1,300164.0
249,48363.0,11,0,82.7,0,286174.0
250,43385.0,15,0,100.7,2,269440.0
251,18250.0,5,1,87.2,2,183036.0
252,22329.0,10,0,118.8,0,254049.0
253,43301.0,19,0,84.5,1,289763.0
254,19261.0,19,0,96.1,1,274445.0
255,12627.0,23,1,109.5,0,306076.0
256,30056.0,15,1,108.2,1,288668.0
257,47127.0,6,0,96.9,1,257181.0
258,36321.0,18,1,93.9,1,295558.0
259,30653.0,6,0,95.9,2,200990.0
260,9373.0,8,0,90.6,2,155354.0
261,32675.0,21,0,88.2,0,314926.0
262,49552.0,7,0,99.3,2,246535.0
263,11304.0,17,0,90.7,1,234249.0
264,28325.0,13,1,91.5,2,268676.0
265,44482.0,11,1,106.3,0,310916.0
266,38335.0,19,0,118.7,2,295752.0
267,36366.0,15,0,104.1,1,268599.0
268,36612.0,24,0,83.1,1,292663.0
269,21177.0,6,0,83.0,0,200490.0
270,18212.0,19,0,118.1,2,256817.0
271,41421.0,18,0,91.9,2,274454.0
272,41455.0,24,0,83.7,2,303029.0
273,44018.0,15,1,104.0,1,309208.0
274,46096.0,7,0,104.9,0,282265.0
275,28010.0,21,0,105.9,2,285491.0
276,27568.0,16,1,90.7,1,278566.0
277,40923.0,19,0,80.6,1,278989.0
278,34248.0,20,0,118.6,1,312549.0
279,36589.0,9,0,90.0,2,225953.0
280,40811.0,24,0,107.0,2,319736.0
281,45050.0,10,1,108.3,2,306541.0
282,20210.0,23,0,104.4,2,274221.0
283,21901.0,9,0,92.5,2,196264.0
284,9229.0,7,1,90.8,2,185097.0
285,31023.0,5,1,103.9,2,226240.0
286,6617.0,10,1,114.6,2,206073.0
287,25952.0,19,0,117.9,2,287702.0
288,29419.0,6,0,84.2,1,185544.0
289,17894.0,7,1,86.2,2,213522.0
290,31587.0,21,1,117.8,0,340172.0
291,6373.0,16,0,109.5,1,229891.0
292,6681.0,22,0,115.3,2,242505.0
293,42017.0,19,0,88.1,0,328965.0
294,21209.0,16,1,103.5,2,268174.0
295,10718.0,20,0,108.0,0,285213.0
296,28501.0,12,0,107.2,0,286672.0
297,39650.0,18,0,96.3,0,311391.0
298,14712.0,21,0,80.6,0,251127.0
299,33030.0,12,1,103.3,1,283460.0
300,8841.0,19,0,90.1,1,229605.0
301,7326.0,18,1,98.0,0,271552.0
302,28911.0,22,1,118.3,2,319547.0
303,29329.0,24,0,96.0,0,315951.0
304,33684.0,11,0,113.6,1,270951.0
305,37674.0,7,0,87.5,2,226034.0
306,48913.0,16,1,106.9,1,333953.0
307,28234.0,7,0,119.1,1,247426.0
308,19533.0,24,0,84.1,2,253828.0
309,40783.0,18,1,80.3,0,339454.0
310,17187.0,19,0,97.3,0,267526.0
311,24754.0,18,1,83.7,0,311887.0
312,8531.0,11,0,109.9,0,215090.0
313,6141.0,21,0,116.6,2,244254.0
314,48319.0,16,0,97.4,2,282891.0
315,42619.0,24,1,90.3,2,335341.0
316,36319.0,8,0,97.4,1,254617.0
317,23403.0,13,1,108.9,2,247783.0
318,12798.0,10,1,80.4,0,224031.0
319,12040.0,20,0,103.6,1,242711.0
320,16261.0,6,1,104.5,0,260737.0
321,29715.0,12,0,105.5,0,275465.0
322,37157.0,15,0,89.7,2,243115.0
323,34709.0,17,0,108.6,2,270509.0
324,17597.0,21,1,83.7,0,312280.0
325,47969.0,12,0,88.0,0,287383.0
326,38205.0,22,0,115.1,1,320802.0
327,29946.0,22,0,109.5,2,281166.0
328,32527.0,18,0,80.5,1,256689.0
329,23882.0,19,0,89.9,1,279636.0
330,16148.0,10,1,88.6,1,255014.0
331,21019.0,15,1,90.8,0,271177.0
332,39103.0,17,0,89.9,1,300667.0
333,5648.0,5,1,82.5,1,182818.0
334,10223.0,10,0,98.4,0,228492.0
335,7070.0,13,1,109.3,2,250596.0
336,6833.0,12,0,104.3,2,197974.0
337,43496.0,15,0,106.9,1,292389.0
338,36665.0,23,0,83.2,0,325706.0
339,26338.0,13,1,118.1,2,262036.0
340,9403.0,21,0,113.5,1,281021.0
341,27123.0,16,0,112.2,1,277297.0
342,26306.0,18,0,112.9,0,291754.0
343,12794.0,19,0,117.3,1,260126.0
344,24523.0,20,0,101.8,2,248957.0
345,22933.0,24,1,88.0,0,318254.0
346,32713.0,5,1,104.7,2,236952.0
347,33579.0,14,0,109.7,2,248479.0
348,7039.0,12,1,109.5,2,228737.0
349,21858.0,22,0,100.9,1,289705.0
350,33164.0,5,1,82.7,1,235824.0
351,27641.0,6,1,94.8,2,235582.0
352,43542.0,5,0,116.8,2,234655.0
353,34641.0,5,1,103.4,0,284597.0
354,12332.0,13,0,101.5,0,243386.0
355,8176.0,17,0,90.8,1,247362.0
356,33909.0,5,1,94.7,1,278297.0
357,6193.0,17,0,115.8,0,254656.0
358,31360.0,24,0,106.7,2,294626.0
359,47310.0,11,0,111.5,1,285900.0
360,30896.0,6,1,98.2,2,243301.0
361,22468.0,10,0,105.2,0,265521.0
362,33948.0,11,0,89.9,1,239721.0
363,25621.0,18,1,108.2,1,308268.0
364,29553.0,22,1,97.1,0,333247.0
365,47366.0,19,0,97.7,1,321337.0
366,22375.0,6,0,106.0,0,250166.0
367,48254.0,14,0,117.5,1,305933.0
368,45741.0,16,0,82.6,0,280343.0
369,13811.0,21,0,113.0,1,283678.0
370,8121.0,12,1,91.7,2,206982.0
371,9535.0,15,0,97.8,2,211151.0
372,5820.0,7,0,80.9,2,166122.0
373,9250.0,10,0,92.0,1,203852.0
374,35735.0,13,1,100.1,1,291687.0
375,8203.0,10,0,82.2,2,168653.0
376,19354.0,13,1,99.6,2,213253.0
377,43019.0,11,0,117.1,0,308982.0
378,6047.0,13,0,84.2,0,213722.0
379,41651.0,22,0,110.6,0,360594.0
380,17683.0,16,0,96.4,2,235716.0
381,10317.0,12,0,106.2,2,201043.0
382,36353.0,12,0,90.4,2,254566.0
383,33302.0,22,0,86.4,0,321862.0
384,44486.0,24,1,86.4,1,344582.0
385,38078.0,19,0,82.8,2,284620.0
386,41157.0,11,1,87.4,1,276859.0
387,17692.0,15,0,106.6,1,251516.0
388,12985.0,24,0,115.3,1,295444.0
389,38778.0,20,0,112.6,0,339269.0
390,41308.0,8,0,107.4,1,268736.0
391,49573.0,10,0,84.4,2,247773.0
392,23568.0,7,0,91.6,0,240300.0
393,21741.0,13,0,92.4,2,220054.0
394,39939.0,14,0,90.0,2,250060.0
395,20336.0,18,0,100.6,0,271433.0
396,46884.0,15,1,101.4,2,331309.0
397,43629.0,22,1,94.3,2,319048.0
398,24305.0,16,1,94.2,0,311569.0
399,38789.0,16,1,113.1,2,293709.0
400,38954.0,17,0,111.6,1,306730.0
401,9641.0,17,0,92.3,2,221268.0
402,45615.0,23,1,116.6,1,388303.0
403,27736.0,23,0,118.1,2,290063.0
404,42191.0,18,0,93.1,0,300231.0
405,19402.0,8,0,94.2,0,224867.0
406,45299.0,17,0,100.2,2,308195.0
407,22514.0,12,0,117.6,0,258031.0
408,5488.0,23,1,115.1,2,249359.0
409,45742.0,16,0,84.1,0,302335.0
410,9108.0,22,0,95.7,1,268356.0
411,19369.0,10,1,102.1,2,224407.0
412,47753.0,22,0,100.1,1,340230.0
413,47777.0,23,0,87.8,1,312272.0
414,30805.0,9,0,114.4,2,235672.0
415,33433.0,13,1,107.1,1,303373.0
416,25180.0,7,1,113.5,2,228388.0
417,18194.0,14,0,114.4,1,254409.0
418,19790.0,23,1,109.9,2,316649.0
419,35263.0,7,0,97.6,2,228716.0
420,38857.0,19,1,104.4,0,335332.0
421,40621.0,5,1,86.4,2,257974.0
422,40533.0,11,1,106.9,2,290916.0
423,9104.0,16,0,87.2,1,200798.0
424,27249.0,21,1,107.8,2,315125.0
425,7590.0,24,1,89.2,0,291153.0
426,29729.0,9,0,84.7,1,229132.0
427,24869.0,8,1,86.6,1,252149.0
428,44947.0,16,0,80.1,0,290373.0
429,20791.0,24,1,108.7,1,302677.0
430,10268.0,22,0,109.3,1,287986.0
431,11435.0,21,1,100.6,1,299535.0
432,39268.0,23,0,86.5,1,307299.0
433,32820.0,13,0,83.3,0,274490.0
434,9551.0,8,0,80.8,0,193370.0
435,8785.0,6,0,86.6,1,178280.0
436,36544.0,8,0,115.6,1,257554.0
437,8274.0,6,0,89.7,0,189676.0
438,41984.0,19,0,94.2,0,320719.0
439,36781.0,6,0,84.2,0,226079.0
440,8661.0,8,0,88.9,1,184686.0
441,8818.0,10,1,100.8,1,235261.0
442,49399.0,11,0,104.3,2,293923.0
443,21842.0,14,1,89.8,0,265157.0
444,21679.0,23,1,82.3,1,304616.0
445,41576.0,23,0,95.6,0,342412.0
446,47626.0,16,0,89.4,1,271701.0
447,49370.0,7,1,88.8,0,301318.0
448,38902.0,17,0,118.4,1,316803.0
449,21932.0,22,0,104.7,2,279262.0
450,8758.0,12,0,102.3,2,200577.0
451,39972.0,19,1,96.6,0,343753.0
452,30128.0,5,0,97.2,1,221495.0
453,24090.0,7,0,101.6,1,200897.0
454,45786.0,12,1,107.9,0,330020.0
455,10004.0,8,1,108.1,1,226071.0
456,27168.0,20,0,86.9,0,279939.0
457,5511.0,14,0,100.0,1,247743.0
458,26090.0,16,1,96.5,0,316176.0
459,7534.0,18,0,114.8,1,237615.0
460,10347.0,18,0,105.3,0,267989.0
461,10289.0,6,0,101.3,1,209056.0
462,34214.0,9,1,84.6,2,226824.0
463,38572.0,9,0,104.2,1,259234.0
464,31252.0,10,1,84.7,0,275492.0
465,48298.0,17,1,93.5,2,297933.0
466,21869.0,13,0,85.7,1,235990.0
467,17857.0,19,0,107.7,2,267184.0
468,44087.0,18,0,88.3,1,314053.0
469,15062.0,11,0,95.7,2,200158.0
470,48345.0,24,0,115.8,0,397702.0
471,5547.0,6,1,88.2,1,172827.0
472,48645.0,11,0,100.3,1,286585.0
473,6942.0,10,1,96.8,0,222965.0
474,45101.0,21,0,80.7,2,291345.0
475,28747.0,6,0,111.7,0,241849.0
476,49683.0,7,0,82.8,0,273222.0
477,8321.0,9,0,99.0,2,183131.0
478,29923.0,9,1,102.4,0,271392.0
479,48619.0,5,0,105.1,1,250000.0
480,28539.0,12,0,107.5,1,279597.0
481,33323.0,16,0,90.1,1,274408.0
482,36309.0,8,0,80.4,0,225249.0
483,25454.0,17,0,108.9,1,281077.0
484,33240.0,19,0,101.4,1,289137.0
485,31294.0,15,1,113.4,1,304640.0
486,45552.0,14,0,112.9,1,310117.0
487,7045.0,7,1,113.7,1,239366.0
488,17643.0,18,0,99.4,1,246975.0
489,47769.0,20,0,93.3,0,330303.0
490,45062.0,14,0,111.7,1,291888.0
491,25505.0,14,0,98.1,1,259512.0
492,32906.0,16,0,87.3,2,248313.0
493,17482.0,13,0,114.2,0,261678.0
494,13465.0,5,0,115.3,0,215736.0
495,25866.0,9,0,98.7,0,244708.0
496,20901.0,24,0,83.0,0,312500.0
497,31265.0,12,1,95.5,1,305376.0
498,8498.0,15,0,112.1,1,242035.0
499,48848.0,16,0,116.1,2,301583.0
500,49379.0,5,0,88.1,2,212747.0
501,36417.0,24,0,82.7,0,310569.0
502,29124.0,15,0,115.1,2,260478.0
503,18929.0,9,0,95.6,2,192452.0
504,41621.0,19,0,101.7,0,314435.0
505,35813.0,9,0,118.7,0,298846.0
506,12318.0,16,0,82.7,2,210648.0
507,45992.0,9,0,105.9,1,274450.0
508,42014.0,21,0,83.0,2,278407.0
509,47741.0,21,0,95.0,2,320579.0
510,37657.0,16,0,112.2,1,291954.0
511,32604.0,19,1,97.3,1,305807.0
512,23821.0,19,0,119.9,0,285319.0
513,46973.0,10,0,102.4,0,290708.0
514,43973.0,16,0,92.8,2,268804.0
515,7035.0,24,1,88.8,1,301921.0
516,6187.0,22,0,94.0,0,287479.0
517,21941.0,18,0,94.9,2,231591.0
518,41475.0,6,0,82.7,1,219388.0
519,49427.0,13,0,94.8,2,269980.0
520,11769.0,9,0,98.6,0,210747.0
521,31736.0,24,0,108.9,0,334861.0
522,22140.0,5,1,106.3,1,233448.0
523,48646.0,7,0,108.4,2,259110.0
524,42895.0,10,1,80.3,1,288672.0
525,42725.0,9,1,88.7,0,280599.0
526,26091.0,9,0,106.5,0,264581.0
527,23667.0,5,0,99.4,2,185844.0
528,17303.0,21,0,80.2,2,265598.0
529,7537.0,23,0,112.2,2,276262.0
530,43913.0,18,0,110.9,1,312415.0
531,41581.0,16,1,101.9,2,291831.0
532,49987.0,14,1,82.7,2,280246.0
533,49849.0,24,0,110.7,0,376740.0
534,29994.0,22,0,103.3,0,315304.0
535,39604.0,15,1,111.3,2,313933.0
536,47514.0,6,1,110.1,2,302033.0
537,43234.0,22,1,112.1,0,362273.0
538,16131.0,11,0,100.7,2,194350.0
539,25274.0,19,0,85.6,1,266795.0
540,10812.0,15,0,106.8,1,251176.0
541,47932.0,22,0,104.8,1,322848.0
542,32278.0,16,0,109.7,2,268268.0
543,15289.0,10,0,86.8,0,238397.0
544,35227.0,24,0,87.8,2,272052.0
545,32816.0,17,0,115.6,2,280885.0
546,21117.0,24,0,110.0,0,307529.0
547,10110.0,20,0,116.3,0,282751.0
548,35221.0,22,0,110.3,0,339194.0
549,28414.0,14,0,103.9,1,264904.0
550,39754.0,12,0,106.2,2,248367.0
551,28407.0,22,1,115.6,0,341570.0
552,43348.0,5,0,103.2,2,250168.0
553,29836.0,12,0,105.3,1,260888.0
554,30242.0,10,0,86.3,1,243527.0
555,44449.0,9,1,99.0,0,307678.0
556,23157.0,19,0,108.7,0,303816.0
557,11031.0,19,0,90.8,2,223272.0
558,6295.0,6,0,88.1,0,179593.0
559,38981.0,5,0,92.6,2,225873.0
560,32914.0,15,0,89.7,0,292002.0
561,36684.0,14,0,88.6,2,238936.0
562,14583.0,22,1,97.0,2,270934.0
563,11137.0,22,0,116.3,2,260138.0
564,5655.0,21,1,100.3,2,279342.0
565,20776.0,12,1,87.5,1,258169.0
566,31546.0,19,0,83.1,2,242857.0
567,22651.0,12,1,107.8,0,284933.0
568,24686.0,21,0,95.3,1,277234.0
569,45687.0,16,0,112.9,1,295456.0
570,20671.0,12,0,106.4,2,225056.0
571,28130.0,18,0,111.8,1,282632.0
572,40264.0,8,0,90.9,2,226839.0
573,22844.0,5,0,107.7,0,224887.0
574,32994.0,5,0,90.6,2,221996.0
575,43806.0,23,0,117.6,1,337037.0
576,47728.0,20,0,105.5,0,340871.0
577,11618.0,18,0,93.0,2,225592.0
578,46696.0,20,0,90.8,0,320618.0
579,27145.0,9,0,87.6,0,240425.0
580,16621.0,13,1,107.8,1,265431.0
581,25661.0,6,0,88.7,0,225146.0
582,49101.0,22,1,103.8,1,350122.0
583,27168.0,10,0,90.6,0,243897.0
584,19794.0,13,0,106.5,2,238436.0
585,33503.0,5,0,112.6,0,250726.0
586,15807.0,13,0,111.1,2,227790.0
587,8414.0,20,0,110.4,2,245497.0
588,10800.0,17,1,87.5,0,275955.0
589,10762.0,13,0,83.5,2,201404.0
590,11836.0,17,1,108.0,0,287081.0
591,11247.0,13,1,94.7,0,248596.0
592,33839.0,15,1,97.3,2,266621.0
593,13185.0,8,1,81.2,2,211941.0
594,20555.0,6,0,90.4,1,210549.0
595,45355.0,10,0,81.3,2,249510.0
596,26328.0,18,0,115.2,1,295259.0
597,35040.0,8,0,89.7,2,218922.0
598,12754.0,10,0,102.3,0,222294.0
599,13653.0,23,1,81.6,2,256558.0
600,6839.0,10,0,106.7,0,209577.0
601,12602.0,6,0,92.9,0,218567.0
602,17537.0,22,0,115.9,0,297381.0
603,12965.0,17,0,115.5,1,269916.0
604,8992.0,13,0,93.0,2,196852.0
605,10429.0,23,1,116.0,0,311987.0
606,25735.0,17,0,119.8,0,285568.0
607,14285.0,15,0,113.0,1,241568.0
608,21392.0,5,0,113.8,2,219061.0
609,27654.0,11,0,90.0,2,208235.0
610,36068.0,19,0,103.1,1,323277.0
611,6769.0,5,0,82.7,1,155749.0
612,40973.0,16,0,83.8,2,271789.0
613,33256.0,11,0,120.0,1,268581.0
614,8679.0,19,0,93.1,2,221728.0
615,44311.0,23,0,109.9,2,305945.0
616,46439.0,5,0,112.3,0,274723.0
617,7749.0,21,0,114.3,0,266005.0
618,17459.0,21,0,119.9,2,251672.0
619,41279.0,7,1,89.7,2,253965.0
620,38672.0,16,0,81.6,2,249275.0
621,13303.0,10,0,96.4,2,216317.0
622,14421.0,15,0,85.2,2,223620.0
623,21671.0,7,0,80.9,2,205595.0
624,26804.0,12,0,94.4,1,234609.0
625,32821.0,18,0,111.3,2,280792.0
626,21601.0,18,1,102.6,1,260552.0
627,25814.0,14,0,92.5,1,245093.0
628,38636.0,6,0,106.2,2,232666.0
629,6651.0,18,0,89.3,2,216244.0
630,16360.0,13,0,80.6,1,216899.0
631,37101.0,7,0,110.6,1,252540.0
632,45284.0,12,0,104.9,2,236913.0
633,28025.0,20,1,110.5,2,306914.0
634,28945.0,6,0,81.6,1,215148.0
635,9823.0,10,0,113.5,1,234525.0
636,25134.0,16,1,104.8,1,295490.0
637,28968.0,9,0,102.5,0,253102.0
638,15911.0,6,1,105.0,1,242887.0
639,17116.0,20,0,114.6,0,264183.0
640,21978.0,9,1,103.5,2,231663.0
641,5903.0,19,0,103.2,2,219526.0
642,19494.0,16,1,119.6,1,292376.0
643,14515.0,8,1,110.3,2,198958.0
644,19737.0,19,0,97.7,2,265016.0
645,10389.0,15,1,108.3,2,244840.0
646,45074.0,20,0,95.6,2,301414.0
647,31712.0,10,0,89.2,0,256082.0
648,35560.0,18,0,103.9,0,323256.0
649,40513.0,22,0,117.1,1,308281.0
650,27430.0,16,0,117.2,1,281454.0
651,8911.0,15,0,93.7,1,237236.0
652,29170.0,17,0,101.1,2,258715.0
653,31408.0,15,1,88.5,2,258391.0
654,38545.0,20,1,119.8,0,352994.0
655,24425.0,19,0,119.2,0,300145.0
656,10741.0,19,0,106.0,1,245966.0
657,17770.0,8,0,112.2,0,235893.0
658,21339.0,15,0,108.6,0,290892.0
659,34066.0,23,0,103.7,0,320632.0
660,30685.0,19,0,82.1,0,280588.0
661,21024.0,8,0,98.2,0,237914.0
662,49393.0,17,1,107.0,1,338903.0
663,32260.0,23,0,107.1,1,296299.0
664,15675.0,6,0,94.9,0,210421.0
665,9580.0,18,0,117.7,1,256192.0
666,11879.0,8,0,86.7,2,188445.0
667,16068.0,20,0,100.0,0,267268.0
668,12231.0,24,0,107.6,2,277911.0
669,13396.0,18,0,107.9,1,255246.0
670,17829.0,19,0,105.9,1,254054.0
671,12802.0,7,1,91.0,2,186647.0
672,45354.0,12,1,86.2,1,317849.0
673,8611.0,20,0,105.4,0,267930.0
674,28603.0,14,0,104.0,2,258901.0
675,23468.0,8,0,87.2,0,207484.0
676,49207.0,22,0,108.2,2,355789.0
677,10042.0,6,0,98.2,1,199360.0
678,22904.0,21,0,106.7,2,268029.0
679,48626.0,17,0,113.5,2,301149.0
680,43948.0,8,0,86.8,0,273353.0
681,41768.0,15,0,80.8,1,280422.0
682,16606.0,11,1,111.2,0,275512.0
683,12690.0,16,1,104.4,1,268483.0
684,35089.0,14,1,108.0,0,324281.0
685,46822.0,11,0,113.5,2,253700.0
686,30054.0,17,1,112.1,0,320832.0
687,30723.0,11,0,118.4,1,244788.0
688,17599.0,21,1,101.4,1,304583.0
689,39627.0,14,0,99.5,2,255851.0
690,13417.0,14,1,96.1,1,235152.0
691,19566.0,8,0,86.1,0,210611.0
692,24145.0,24,1,102.9,2,310576.0
693,27842.0,8,1,91.1,1,246518.0
694,15908.0,11,0,116.9,1,222539.0
695,10168.0,5,0,103.3,0,183005.0
696,32478.0,16,1,103.7,0,319318.0
697,17988.0,17,0,94.2,2,227267.0
698,31156.0,14,1,82.1,1,271647.0
699,11946.0,19,0,81.3,0,250103.0
700,26651.0,17,0,96.9,2,257180.0
701,28967.0,13,0,83.4,1,252509.0
702,7332.0,13,0,104.3,1,221875.0
703,20147.0,19,1,115.2,2,285111.0
704,11049.0,14,0,115.3,2,225438.0
705,7852.0,14,0,106.4,0,238152.0
706,49548.0,12,0,88.4,1,259236.0
707,19506.0,20,0,114.5,1,294830.0
708,41444.0,21,1,115.4,1,362296.0
709,16459.0,9,1,87.9,2,239279.0
710,35668.0,8,0,109.5,0,295165.0
711,39210.0,22,1,91.5,1,318635.0
712,31804.0,23,1,112.1,2,321406.0
713,26221.0,8,0,119.9,1,274248.0
714,23533.0,11,1,81.2,0,261333.0
715,20699.0,14,0,115.9,1,260905.0
716,46829.0,22,0,104.9,0,328962.0
717,42378.0,23,1,118.9,0,381732.0
718,48426.0,8,0,98.6,1,290231.0
719,10593.0,14,1,113.9,1,278624.0
720,37889.0,5,1,82.5,0,254377.0
721,47225.0,22,0,93.4,2,303979.0
722,13155.0,9,1,82.7,0,221754.0
723,7992.0,19,0,119.0,1,249883.0
724,38350.0,21,0,112.7,1,295751.0
725,30851.0,7,0,114.1,2,227296.0
726,42882.0,16,1,117.5,0,366324.0
727,11290.0,6,0,83.4,0,198310.0
728,40787.0,5,0,95.4,0,268651.0
729,14073.0,21,0,82.8,1,263984.0
730,12365.0,20,1,88.4,0,281440.0
731,12392.0,9,0,89.2,2,175031.0
732,41656.0,19,0,98.8,1,295838.0
733,34934.0,7,0,90.7,1,211370.0
734,28538.0,11,0,84.0,0,248488.0
735,21147.0,15,1,86.7,2,215071.0
736,44474.0,14,0,85.9,1,283863.0
737,22660.0,13,0,118.9,1,260289.0
738,41747.0,18,1,110.4,0,355099.0
739,24761.0,17,0,118.7,0,308722.0
740,21962.0,6,1,97.6,2,221990.0
741,25821.0,7,0,91.1,0,250464.0
742,18562.0,11,1,111.9,2,254920.0
743,38642.0,22,0,93.1,1,298911.0
744,27622.0,7,0,92.0,2,201948.0
745,15450.0,14,1,89.3,2,210114.0
746,45481.0,11,1,85.2,2,263689.0
747,22275.0,13,1,90.3,1,256230.0
748,29460.0,21,0,94.2,0,309453.0
749,45791.0,15,1,107.0,1,316488.0
750,33091.0,11,1,82.5,0,265110.0
751,10260.0,18,0,88.4,2,197555.0
752,47292.0,23,1,112.4,2,346358.0
753,33247.0,8,1,85.9,2,262956.0
754,20071.0,10,0,93.7,2,209345.0
755,11267.0,14,0,114.6,2,236225.0
756,40731.0,11,0,86.2,0,260973.0
757,32903.0,17,0,83.3,0,263492.0
758,29006.0,18,0,99.4,2,248063.0
759,45225.0,8,0,92.1,1,254917.0
760,40487.0,12,0,102.5,1,249976.0
761,11825.0,9,0,112.2,2,189428.0
762,19027.0,5,0,85.5,0,198102.0
763,16182.0,8,1,103.2,1,221859.0
764,38478.0,7,1,100.2,1,245452.0
765,6509.0,13,0,85.8,1,207302.0
766,30645.0,12,1,105.0,2,268679.0
767,39311.0,5,0,90.9,1,240364.0
768,44454.0,10,0,99.5,1,256304.0
769,20394.0,13,0,83.3,1,235960.0
770,41957.0,11,0,98.4,1,287080.0
771,9978.0,8,1,92.3,0,235915.0
772,43090.0,17,1,112.9,2,312060.0
773,10737.0,21,0,82.3,2,231391.0
774,22878.0,6,0,96.7,0,217682.0
775,40878.0,9,0,98.3,0,262859.0
776,11746.0,16,0,109.0,2,238543.0
777,15316.0,12,0,103.0,1,227278.0
778,37501.0,10,0,106.7,1,277314.0
779,37402.0,12,1,111.1,2,279879.0
780,33852.0,22,1,114.5,1,337429.0
781,36228.0,7,0,92.6,0,243956.0
782,29423.0,16,1,101.5,1,282735.0
783,16331.0,7,0,113.6,1,226552.0
784,20556.0,10,0,119.6,1,268892.0
785,13172.0,6,0,115.6,2,188587.0
786,45880.0,16,0,94.9,0,302305.0
787,31253.0,6,1,87.8,1,234556.0
788,23038.0,10,0,99.6,2,207973.0
789,25790.0,21,0,109.7,1,313452.0
790,47628.0,7,0,99.7,0,268370.0
791,11901.0,6,0,99.3,1,185860.0
792,31380.0,24,1,113.5,0,345424.0
793,27765.0,12,0,94.5,1,248066.0
794,32515.0,16,0,114.4,0,301234.0
795,5815.0,8,0,96.3,1,174839.0
796,44246.0,9,0,93.1,0,263932.0
797,46945.0,17,0,98.2,1,322924.0
798,30431.0,19,0,110.5,1,294067.0
799,36349.0,20,0,85.0,2,274681.0
800,46512.0,14,1,87.9,2,293276.0
801,36826.0,20,1,118.1,0,372468.0
802,11864.0,16,1,87.0,1,240429.0
803,30933.0,21,0,102.7,0,307590.0
804,32302.0,20,0,103.2,2,278654.0
805,24086.0,16,0,99.6,0,254368.0
806,38140.0,12,1,105.8,0,301290.0
807,47047.0,24,0,89.2,2,326598.0
808,46651.0,7,0,102.1,1,271279.0
809,25288.0,20,0,94.9,0,302672.0
810,10096.0,17,0,106.5,2,222777.0
811,49318.0,23,0,85.6,1,320203.0
812,42750.0,12,0,102.8,2,241762.0
813,10610.0,9,1,87.4,0,245710.0
814,46438.0,24,0,91.1,1,342665.0
815,44145.0,12,0,88.7,1,282467.0
816,28348.0,16,0,87.3,2,262126.0
817,31607.0,5,0,113.0,2,224881.0
818,22955.0,24,0,91.4,2,291144.0
819,7464.0,10,1,117.1,1,239698.0
820,20084.0,22,0,118.8,1,273985.0
821,41128.0,12,1,102.9,0,325640.0
822,5208.0,11,0,85.7,1,170805.0
823,20007.0,5,0,95.0,0,216541.0
824,22918.0,20,1,111.9,2,307243.0
825,29183.0,16,0,94.7,2,254177.0
826,46394.0,10,0,83.5,1,287632.0
827,20586.0,24,0,102.3,2,253280.0
828,20613.0,6,0,113.8,2,204153.0
829,38188.0,18,1,111.8,1,329417.0
830,25350.0,8,0,87.0,0,215104.0
831,15107.0,5,1,106.9,1,211377.0
832,25360.0,22,1,88.8,0,310562.0
833,11339.0,17,0,88.7,1,219696.0
834,12937.0,6,1,115.0,1,230962.0
835,27427.0,13,0,90.0,2,222622.0
836,23852.0,6,1,90.5,1,236172.0
837,46168.0,13,0,80.0,1,278417.0
838,21308.0,5,0,114.8,0,239697.0
839,31126.0,15,0,111.7,2,257969.0
840,33452.0,7,0,105.1,0,259202.0
841,5589.0,24,0,110.0,0,298491.0
842,34859.0,8,1,86.1,2,247959.0
843,13012.0,22,0,98.3,2,273395.0
844,48248.0,10,0,94.0,2,268872.0
845,11690.0,7,1,83.8,1,230163.0
846,23658.0,15,0,99.4,2,209733.0
847,8841.0,19,1,116.8,2,271037.0
848,49859.0,9,1,81.6,2,266642.0
849,27599.0,24,1,91.7,0,334505.0
850,31792.0,14,1,88.3,0,286208.0
851,8018.0,16,0,89.5,1,227808.0
852,38748.0,19,0,116.3,0,306616.0
853,14446.0,21,1,98.7,1,294322.0
854,45412.0,14,0,98.7,0,294403.0
855,14231.0,10,0,110.4,2,202950.0
856,13581.0,22,0,86.2,0,277651.0
857,6645.0,17,1,99.5,1,258998.0
858,26243.0,7,0,97.2,0,249144.0
859,30418.0,14,0,103.9,2,239219.0
860,7957.0,18,0,120.0,1,255340.0
861,39899.0,10,0,110.8,2,266105.0
862,25398.0,7,0,95.9,2,208282.0
863,28598.0,20,0,113.1,1,302064.0
864,24834.0,11,0,86.8,2,226961.0
865,23034.0,24,1,81.2,2,284562.0
866,30184.0,18,0,88.2,0,278471.0
867,11986.0,13,1,93.6,2,236878.0
868,13187.0,19,1,100.4,2,262782.0
869,43780.0,7,0,104.6,2,257455.0
870,47575.0,6,0,116.4,2,260212.0
871,21799.0,6,0,100.4,1,204073.0
872,17184.0,7,1,100.1,0,251532.0
873,33980.0,22,0,82.0,2,264939.0
874,23393.0,18,0,81.4,2,249588.0
875,6142.0,24,0,102.0,1,248928.0
876,12027.0,22,0,97.5,2,263335.0
877,37219.0,14,0,113.6,1,289698.0
878,34652.0,6,0,86.4,0,236540.0
879,6219.0,5,1,81.0,0,212654.0
880,14989.0,8,0,98.0,2,197485.0
881,15398.0,18,0,89.5,2,246281.0
882,35235.0,5,0,82.0,2,217364.0
883,5887.0,18,1,109.0,1,273011.0
884,9685.0,20,0,84.5,2,214543.0
885,40996.0,18,1,104.3,2,306761.0
886,13035.0,24,0,91.2,0,283596.0
887,34374.0,7,0,86.9,2,225905.0
888,15718.0,7,0,95.2,0,210468.0
889,9475.0,13,0,112.1,2,210726.0
890,15943.0,10,0,95.7,0,252424.0
891,37502.0,17,0,110.0,2,280777.0
892,43506.0,6,1,85.0,0,270710.0
893,42360.0,12,0,110.9,1,293296.0
894,22873.0,6,0,89.5,0,219080.0
895,35064.0,8,0,107.1,0,248116.0
896,14224.0,19,0,102.6,0,285700.0
897,18192.0,8,0,117.2,2,203513.0
898,45335.0,17,0,95.5,2,285021.0
899,5585.0,16,0,82.6,2,197353.0
900,8848.0,17,0,80.8,1,224800.0
901,14355.0,18,0,113.1,1,236005.0
902,6194.0,24,0,101.0,0,275919.0
903,13165.0,22,0,111.0,1,290002.0
904,31237.0,10,0,89.4,0,267913.0
905,23964.0,15,1,93.8,0,278783.0
906,45170.0,6,0,81.2,0,264317.0
907,41785.0,23,0,118.5,1,329344.0
908,20382.0,23,0,106.7,2,271065.0
909,16674.0,9,1,117.3,1,250512.0
910,22086.0,23,1,90.6,0,322057.0
911,31563.0,6,0,104.5,0,259397.0
912,17063.0,14,1,107.1,1,272600.0
913,33087.0,6,0,92.7,0,239204.0
914,23424.0,15,0,113.9,0,292410.0
915,29842.0,22,1,117.9,1,327393.0
916,24626.0,19,1,115.4,1,311215.0
917,18251.0,13,0,109.6,1,255951.0
918,47680.0,23,0,91.1,0,348555.0
919,39362.0,13,0,91.3,0,276768.0
920,11305.0,7,0,118.5,2,178521.0
921,44081.0,13,1,80.4,2,280905.0
922,26934.0,18,0,108.6,1,262451.0
923,45255.0,23,0,108.2,2,319009.0
924,40993.0,11,0,104.9,0,301362.0
925,24135.0,20,0,119.6,2,286287.0
926,6011.0,20,0,92.5,0,230516.0
927,17090.0,5,0,93.6,1,195547.0
928,29374.0,8,1,83.2,1,241568.0
929,33507.0,8,1,97.7,0,264197.0
930,16605.0,11,0,90.4,2,205763.0
931,11271.0,12,1,93.7,1,233375.0
932,42572.0,21,1,113.4,1,346009.0
933,49298.0,9,1,117.4,2,299661.0
934,28656.0,11,0,87.4,2,213514.0
935,12726.0,24,0,94.9,0,287975.0
936,17254.0,24,0,117.1,2,275653.0
937,5828.0,8,0,82.5,2,156006.0
938,46143.0,10,0,83.7,2,256929.0
939,10299.0,11,0,86.5,0,230383.0
940,30943.0,22,0,103.8,0,297241.0
941,17332.0,9,1,86.0,1,239478.0
942,29938.0,24,0,118.7,0,353650.0
943,34314.0,7,0,97.9,1,255248.0
944,42338.0,11,1,100.1,2,287002.0
945,14289.0,18,1,89.9,1,255924.0
946,5495.0,11,1,98.8,1,236021.0
947,11160.0,9,1,106.5,2,210338.0
948,45501.0,9,0,110.0,1,271324.0
949,44325.0,6,1,110.2,0,304506.0
950,31884.0,10,0,103.1,0,255226.0
951,32023.0,19,0,116.2,0,302325.0
952,34927.0,14,0,112.7,0,301614.0
953,12892.0,11,0,110.3,1,248337.0
954,46149.0,9,0,82.2,1,269266.0
955,23845.0,5,0,80.3,2,188127.0
956,22241.0,17,1,88.5,1,289083.0
957,28351.0,22,0,106.5,1,307918.0
958,7113.0,17,0,96.4,1,236861.0
959,12483.0,22,1,96.1,2,284129.0
960,38212.0,9,0,115.4,0,265167.0
961,8726.0,17,0,115.8,1,252259.0
962,32142.0,8,0,116.4,2,235978.0
963,16041.0,21,0,92.6,2,248364.0
964,22518.0,7,0,107.6,2,202610.0
965,17991.0,21,1,90.9,0,310822.0
966,21005.0,15,0,87.6,1,230594.0
967,37357.0,24,0,87.4,2,288745.0
968,18370.0,8,1,93.7,0,241168.0
969,30488.0,6,1,97.2,2,245005.0
970,26422.0,24,0,113.2,2,296010.0
971,34865.0,20,0,84.8,2,265064.0
972,47157.0,22,0,109.4,2,316920.0
973,37966.0,12,0,101.3,2,253391.0
974,14672.0,7,0,91.5,0,230591.0
975,6403.0,13,0,99.7,1,199958.0
976,16802.0,24,1,92.0,1,309948.0
977,31779.0,10,0,103.8,1,255938.0
978,7314.0,14,0,97.4,1,208453.0
979,27336.0,14,0,86.6,0,279069.0
980,31858.0,17,0,84.7,0,288046.0
981,20041.0,21,0,101.9,0,285975.0
982,39691.0,13,0,116.1,2,250508.0
983,9797.0,21,1,93.8,2,264891.0
984,8381.0,13,0,109.3,2,210505.0
985,37768.0,13,0,106.3,1,264192.0
986,27297.0,5,0,117.3,2,202921.0
987,35978.0,6,0,112.8,1,257454.0
988,24567.0,20,0,102.7,2,242884.0
989,16088.0,5,0,106.3,1,205255.0
990,41860.0,14,0,115.9,2,278846.0
991,40974.0,22,0,96.0,2,305503.0
992,36261.0,12,1,93.1,0,295196.0
993,17247.0,15,1,80.4,2,241409.0
994,31560.0,6,1,113.1,2,240345.0
995,21244.0,12,1,112.0,0,286280.0
996,9121.0,12,0,84.2,1,208630.0
997,46279.0,21,1,103.1,0,367072.0
998,11157.0,19,0,98.6,0,268993.0
999,47761.0,21,1,84.7,1,327133.0
1000,25070.0,17,1,119.2,2,284917.0
